Player,Nation,Pos,Age,MP,Starts,Min,Gls,Ast,PK,CrdY,CrdR,xG,xAG,Team
Virgil van Dijk,nl NED,DF,32,25,25,2187.0,2.0,2.0,0.0,1.0,1.0,2.1,1.5,Liverpool
Alisson,br BRA,GK,31,21,21,1890.0,0.0,0.0,0.0,1.0,0.0,0.0,0.0,Liverpool
Luis Diaz,co COL,FW,27,26,21,1746.0,6.0,3.0,0.0,2.0,0.0,8.0,2.6,Liverpool
Alexis Mac Allister,ar ARG,MF,25,22,21,1719.0,2.0,4.0,0.0,5.0,1.0,1.0,2.0,Liverpool
Mohamed Salah,eg EGY,FW,31,21,20,1786.0,15.0,9.0,4.0,2.0,0.0,14.8,8.9,Liverpool
Dominik Szoboszlai,hu HUN,MF,23,22,20,1672.0,3.0,2.0,0.0,1.0,0.0,2.1,4.2,Liverpool
Trent Alexander-Arnold,eng ENG,DF,25,21,19,1622.0,2.0,4.0,0.0,5.0,0.0,1.8,5.5,Liverpool
Darwin Nunez,uy URU,FW,24,25,16,1496.0,10.0,7.0,0.0,8.0,0.0,13.0,5.3,Liverpool
Ibrahima Konate,fr FRA,DF,24,19,14,1332.0,0.0,0.0,0.0,5.0,1.0,0.4,0.4,Liverpool
Joe Gomez,eng ENG,DF,26,23,13,1362.0,0.0,1.0,0.0,4.0,0.0,0.5,0.9,Liverpool
Diogo Jota,pt POR,FW,27,19,13,1047.0,9.0,3.0,0.0,3.0,1.0,4.4,2.9,Liverpool
Cody Gakpo,nl NED,"FW,MF",24,25,12,1148.0,5.0,3.0,0.0,0.0,0.0,6.0,0.7,Liverpool
Curtis Jones,eng ENG,MF,23,17,12,956.0,1.0,1.0,0.0,1.0,1.0,1.8,0.5,Liverpool
Andrew Robertson,sct SCO,DF,29,14,11,1036.0,1.0,1.0,0.0,2.0,0.0,0.7,2.3,Liverpool
Wataru Endo,jp JPN,MF,31,19,11,1004.0,1.0,0.0,0.0,7.0,0.0,0.3,1.6,Liverpool
Ryan Gravenberch,nl NED,MF,21,19,9,845.0,0.0,0.0,0.0,0.0,0.0,1.5,0.8,Liverpool
Joel Matip,cm CMR,DF,32,10,9,781.0,0.0,0.0,0.0,2.0,0.0,0.5,0.1,Liverpool
Kostas Tsimikas,gr GRE,DF,27,12,8,672.0,0.0,3.0,0.0,0.0,0.0,0.1,1.0,Liverpool
Caoimhin Kelleher,ie IRL,GK,25,6,6,540.0,0.0,0.0,0.0,0.0,0.0,0.0,0.0,Liverpool
Harvey Elliott,eng ENG,"MF,FW",20,23,5,748.0,2.0,2.0,0.0,1.0,0.0,1.3,2.3,Liverpool
Jarell Quansah,eng ENG,DF,21,8,5,443.0,0.0,0.0,0.0,1.0,0.0,0.1,0.0,Liverpool
Conor Bradley,nir NIR,DF,20,5,5,381.0,1.0,3.0,0.0,1.0,0.0,0.7,1.1,Liverpool
Bobby Clark,eng ENG,MF,19,5,1,89.0,0.0,0.0,0.0,0.0,0.0,0.1,0.0,Liverpool
Ben Doak,sct SCO,FW,18,1,0,14.0,0.0,0.0,0.0,0.0,0.0,0.0,0.0,Liverpool
Jayden Danns,eng ENG,FW,18,2,0,9.0,0.0,0.0,0.0,1.0,0.0,0.0,0.0,Liverpool
Owen Beck,wls WAL,DF,21,1,0,8.0,0.0,0.0,0.0,0.0,0.0,0.0,0.0,Liverpool
Thiago Alcantara,es ESP,MF,32,1,0,6.0,0.0,0.0,0.0,0.0,0.0,0.0,0.0,Liverpool
James McConnell,eng ENG,MF,19,3,0,4.0,0.0,0.0,0.0,0.0,0.0,0.0,0.0,Liverpool
Kaide Gordon,eng ENG,FW,19,1,0,1.0,0.0,0.0,0.0,0.0,0.0,0.0,0.0,Liverpool
Adrian,es ESP,GK,37,0,0,,,,,,,,,Liverpool
Stefan Bajcetic,es ESP,DF,19,0,0,,,,,,,,,Liverpool
Luke Chambers,eng ENG,DF,19,0,0,,,,,,,,,Liverpool
Lewis Koumas,wls WAL,MF,18,0,0,,,,,,,,,Liverpool
Fabian Mrozek,pl POL,GK,20,0,0,,,,,,,,,Liverpool
Trey Nyoni,eng ENG,MF,16,0,0,,,,,,,,,Liverpool
Marcelo Pitaluga,br BRA,GK,21,0,0,,,,,,,,,Liverpool
Calum Scanlon,eng ENG,MF,19,0,0,,,,,,,,,Liverpool
Ederson,br BRA,GK,30,26,26,2257.0,0.0,0.0,0.0,4.0,0.0,0.0,0.1,Manchester-City
Phil Foden,eng ENG,"FW,MF",23,27,25,2219.0,11.0,7.0,0.0,1.0,0.0,8.2,6.2,Manchester-City
Julian Alvarez,ar ARG,"MF,FW",24,27,25,2129.0,8.0,7.0,1.0,2.0,0.0,8.9,6.2,Manchester-City
Kyle Walker,eng ENG,DF,33,25,24,2170.0,0.0,2.0,0.0,2.0,0.0,0.4,2.3,Manchester-City
Rodri,es ESP,MF,27,24,24,2076.0,6.0,5.0,0.0,7.0,1.0,3.3,2.5,Manchester-City
Ruben Dias,pt POR,DF,26,23,21,1929.0,0.0,0.0,0.0,0.0,0.0,1.1,0.2,Manchester-City
Erling Haaland,no NOR,FW,23,22,21,1832.0,18.0,5.0,3.0,1.0,0.0,20.8,3.7,Manchester-City
Bernardo Silva,pt POR,"MF,FW",29,23,20,1807.0,6.0,4.0,0.0,6.0,0.0,2.9,5.5,Manchester-City
Nathan Ake,nl NED,DF,29,22,18,1637.0,2.0,2.0,0.0,0.0,0.0,1.6,1.2,Manchester-City
Manuel Akanji,ch SUI,"DF,MF",28,19,18,1586.0,2.0,0.0,0.0,4.0,1.0,0.9,0.2,Manchester-City
Josko Gvardiol,hr CRO,DF,22,18,16,1473.0,0.0,0.0,0.0,2.0,0.0,1.0,0.9,Manchester-City
Jeremy Doku,be BEL,"FW,MF",21,19,14,1177.0,2.0,5.0,0.0,3.0,0.0,1.4,3.4,Manchester-City
Mateo Kovacic,hr CRO,MF,29,19,10,949.0,0.0,0.0,0.0,3.0,0.0,0.8,1.1,Manchester-City
John Stones,eng ENG,"DF,MF",29,13,10,862.0,0.0,0.0,0.0,2.0,0.0,0.2,0.2,Manchester-City
Jack Grealish,eng ENG,FW,28,14,7,707.0,3.0,1.0,0.0,5.0,0.0,1.9,2.1,Manchester-City
Matheus Nunes,pt POR,"MF,FW",25,11,6,505.0,0.0,2.0,0.0,0.0,0.0,0.4,1.0,Manchester-City
Rico Lewis,eng ENG,"MF,DF",19,10,5,454.0,1.0,0.0,0.0,1.0,0.0,0.3,0.5,Manchester-City
Kevin De Bruyne,be BEL,MF,32,8,5,425.0,1.0,4.0,0.0,1.0,0.0,0.9,4.0,Manchester-City
Oscar Bobb,no NOR,"FW,MF",20,9,1,180.0,1.0,1.0,0.0,0.0,0.0,1.3,0.9,Manchester-City
Stefan Ortega,de GER,GK,31,2,1,173.0,0.0,0.0,0.0,0.0,0.0,0.0,0.0,Manchester-City
Kalvin Phillips,eng ENG,MF,28,4,0,93.0,0.0,0.0,0.0,0.0,0.0,0.1,0.0,Manchester-City
Sergio Gomez,es ESP,FW,23,3,0,20.0,0.0,1.0,0.0,0.0,0.0,0.0,0.2,Manchester-City
Aymeric Laporte,es ESP,DF,29,1,0,12.0,0.0,0.0,0.0,0.0,0.0,0.0,0.0,Manchester-City
Cole Palmer,eng ENG,MF,21,1,0,11.0,0.0,0.0,0.0,0.0,0.0,0.0,0.0,Manchester-City
James Mcatee,eng ENG,MF,21,1,0,1.0,0.0,0.0,0.0,0.0,0.0,0.0,0.0,Manchester-City
Scott Carson,eng ENG,GK,38,0,0,,,,,,,,,Manchester-City
Micah Hamilton,eng ENG,MF,20,0,0,,,,,,,,,Manchester-City
Maximo Perrone,ar ARG,MF,21,0,0,,,,,,,,,Manchester-City
Mahamadou Susoho,es ESP,DF,19,0,0,,,,,,,,,Manchester-City
Jacob Wright,eng ENG,MF,18,0,0,,,,,,,,,Manchester-City
William Saliba,fr FRA,DF,22,27,27,2430.0,2.0,1.0,0.0,3.0,0.0,1.5,0.2,Arsenal
Declan Rice,eng ENG,MF,25,27,27,2301.0,5.0,5.0,0.0,3.0,0.0,2.1,3.7,Arsenal
Bukayo Saka,eng ENG,FW,22,26,26,2172.0,13.0,8.0,4.0,3.0,0.0,11.5,8.0,Arsenal
Martin Odegaard,no NOR,MF,25,24,24,2119.0,6.0,6.0,2.0,2.0,0.0,5.4,6.0,Arsenal
Ben White,eng ENG,DF,26,26,24,2044.0,2.0,2.0,0.0,5.0,0.0,0.7,2.0,Arsenal
Gabriel Dos Santos,br BRA,DF,26,25,23,2086.0,4.0,0.0,0.0,2.0,0.0,3.0,0.7,Arsenal
Gabriel Martinelli,br BRA,FW,22,25,23,1749.0,6.0,4.0,0.0,1.0,0.0,5.4,5.2,Arsenal
David Raya,es ESP,GK,28,22,22,1980.0,0.0,0.0,0.0,0.0,0.0,0.0,0.0,Arsenal
Kai Havertz,de GER,"MF,FW",24,26,19,1689.0,7.0,3.0,1.0,6.0,0.0,7.3,1.9,Arsenal
Oleksandr Zinchenko,ua UKR,DF,27,21,17,1428.0,1.0,2.0,0.0,2.0,0.0,0.5,1.8,Arsenal
Gabriel Jesus,br BRA,FW,26,18,13,1120.0,4.0,3.0,0.0,5.0,0.0,5.4,2.6,Arsenal
Eddie Nketiah,eng ENG,FW,24,24,10,1052.0,5.0,2.0,0.0,3.0,0.0,4.4,0.8,Arsenal
Leandro Trossard,be BEL,"FW,MF",29,23,9,942.0,7.0,1.0,0.0,0.0,0.0,5.1,1.7,Arsenal
Jakub Kiwior,pl POL,DF,24,15,8,710.0,1.0,3.0,0.0,1.0,0.0,0.8,0.7,Arsenal
Jorginho,it ITA,MF,32,17,7,659.0,0.0,1.0,0.0,1.0,0.0,0.1,0.9,Arsenal
Takehiro Tomiyasu,jp JPN,DF,25,13,5,634.0,1.0,1.0,0.0,2.0,1.0,0.5,0.2,Arsenal
Aaron Ramsdale,eng ENG,GK,25,5,5,450.0,0.0,0.0,0.0,0.0,0.0,0.0,0.0,Arsenal
Thomas Partey,gh GHA,"DF,MF",30,5,3,277.0,0.0,0.0,0.0,0.0,0.0,0.1,0.1,Arsenal
Fabio Vieira,pt POR,"MF,FW",23,9,2,286.0,1.0,2.0,1.0,0.0,1.0,1.2,1.3,Arsenal
Emile Smith Rowe,eng ENG,MF,23,10,2,235.0,0.0,1.0,0.0,0.0,0.0,1.5,0.2,Arsenal
Jurrien Timber,nl NED,DF,22,1,1,49.0,0.0,0.0,0.0,1.0,0.0,0.0,0.0,Arsenal
Reiss Nelson,eng ENG,"FW,MF",24,13,0,182.0,0.0,0.0,0.0,1.0,0.0,0.1,0.5,Arsenal
Cedric Soares,pt POR,DF,32,3,0,62.0,0.0,0.0,0.0,0.0,0.0,0.0,0.0,Arsenal
Mohamed Elneny,eg EGY,MF,31,3,0,28.0,0.0,0.0,0.0,0.0,0.0,0.1,0.0,Arsenal
Ethan Nwaneri,eng ENG,FW,16,1,0,14.0,0.0,0.0,0.0,0.0,0.0,0.0,0.0,Arsenal
Mauro Bandeira,pt POR,MF,20,0,0,,,,,,,,,Arsenal
Bradley Ibrahim,eng ENG,MF,19,0,0,,,,,,,,,Arsenal
Karl Jakob Hein,ee EST,GK,21,0,0,,,,,,,,,Arsenal
Myles Lewis-Skelly,eng ENG,MF,17,0,0,,,,,,,,,Arsenal
Charles Sagoe Jr,eng ENG,FW,19,0,0,,,,,,,,,Arsenal
James Sweet,wls WAL,MF,20,0,0,,,,,,,,,Arsenal
Reuell Walters,eng ENG,DF,19,0,0,,,,,,,,,Arsenal
Ollie Watkins,eng ENG,FW,28,27,27,2385.0,16.0,10.0,0.0,4.0,0.0,14.2,5.3,Aston-Villa
John McGinn,sct SCO,"MF,FW",29,27,27,2309.0,6.0,3.0,0.0,7.0,0.0,4.3,3.8,Aston-Villa
Emiliano Martinez,ar ARG,GK,31,26,26,2340.0,0.0,0.0,0.0,4.0,0.0,0.0,0.0,Aston-Villa
Douglas Luiz,br BRA,MF,25,26,26,2238.0,9.0,5.0,4.0,7.0,0.0,6.6,4.0,Aston-Villa
Ezri Konsa,eng ENG,DF,26,24,24,2086.0,0.0,0.0,0.0,5.0,0.0,1.8,0.4,Aston-Villa
Matty Cash,pl POL,DF,26,24,20,1763.0,2.0,1.0,0.0,6.0,0.0,3.9,2.1,Aston-Villa
Boubacar Kamara,fr FRA,MF,24,20,20,1652.0,0.0,1.0,0.0,7.0,1.0,0.1,1.3,Aston-Villa
Pau Torres,es ESP,DF,27,20,18,1654.0,2.0,0.0,0.0,1.0,0.0,0.9,0.4,Aston-Villa
Lucas Digne,fr FRA,DF,30,22,18,1579.0,1.0,2.0,0.0,5.0,0.0,0.7,2.8,Aston-Villa
Moussa Diaby,fr FRA,"FW,MF",24,27,18,1493.0,4.0,5.0,0.0,1.0,0.0,5.0,4.8,Aston-Villa
Leon Bailey,jm JAM,"MF,FW",26,25,14,1334.0,8.0,8.0,0.0,4.0,0.0,4.5,6.7,Aston-Villa
Diego Carlos,br BRA,DF,30,17,13,1160.0,0.0,0.0,0.0,3.0,0.0,0.6,0.0,Aston-Villa
Clement Lenglet,fr FRA,DF,28,10,10,871.0,0.0,1.0,0.0,2.0,0.0,0.8,0.8,Aston-Villa
Youri Tielemans,be BEL,"MF,FW",26,23,9,998.0,1.0,4.0,0.0,1.0,0.0,1.0,1.8,Aston-Villa
Alex Moreno,es ESP,DF,30,14,9,841.0,2.0,0.0,0.0,2.0,0.0,1.1,1.1,Aston-Villa
Jacob Ramsey,eng ENG,"MF,FW",22,16,8,853.0,1.0,1.0,0.0,2.0,0.0,2.2,1.0,Aston-Villa
Nicolo Zaniolo,it ITA,"FW,MF",24,18,7,559.0,1.0,0.0,0.0,6.0,0.0,1.7,0.9,Aston-Villa
Leander Dendoncker,be BEL,MF,28,8,1,119.0,1.0,0.0,0.0,0.0,0.0,0.7,0.0,Aston-Villa
Robin Olsen,se SWE,GK,34,1,1,90.0,0.0,0.0,0.0,0.0,0.0,0.0,0.0,Aston-Villa
Tyrone Mings,eng ENG,DF,30,1,1,30.0,0.0,0.0,0.0,0.0,0.0,0.0,0.0,Aston-Villa
Jhon Duran,co COL,"FW,MF",20,14,0,185.0,2.0,0.0,0.0,4.0,0.0,1.3,0.1,Aston-Villa
Morgan Rogers,eng ENG,MF,21,3,0,61.0,0.0,0.0,0.0,1.0,0.0,0.3,0.1,Aston-Villa
Calum Chambers,eng ENG,DF,29,1,0,45.0,0.0,0.0,0.0,0.0,0.0,0.0,0.0,Aston-Villa
Tim Iroegbunam,eng ENG,MF,20,4,0,38.0,0.0,0.0,0.0,0.0,0.0,0.0,0.0,Aston-Villa
Philippe Coutinho,br BRA,"MF,FW",31,2,0,25.0,0.0,0.0,0.0,0.0,0.0,0.1,0.0,Aston-Villa
Bertrand Traore,bf BFA,"DF,FW",28,2,0,11.0,0.0,0.0,0.0,0.0,0.0,0.0,0.0,Aston-Villa
Cameron Archer,eng ENG,MF,22,1,0,6.0,0.0,0.0,0.0,1.0,0.0,0.0,0.0,Aston-Villa
Jaden Philogene Bidace,eng ENG,FW,22,1,0,4.0,0.0,0.0,0.0,0.0,0.0,0.0,0.0,Aston-Villa
Joe Gauci,au AUS,GK,23,0,0,,,,,,,,,Aston-Villa
Omari Kellyman,eng ENG,MF,,0,0,,,,,,,,,Aston-Villa
Kaine Kessler,eng ENG,"DF,MF",21,0,0,,,,,,,,,Aston-Villa
Filip Marshall,eng ENG,GK,20,0,0,,,,,,,,,Aston-Villa
Tommi O'Reilly,eng ENG,MF,20,0,0,,,,,,,,,Aston-Villa
Sam Proctor,eng ENG,GK,17,0,0,,,,,,,,,Aston-Villa
James Wright,eng ENG,GK,19,0,0,,,,,,,,,Aston-Villa
Oliwier Zych,pl POL,GK,19,0,0,,,,,,,,,Aston-Villa
Guglielmo Vicario,it ITA,GK,27,26,26,2340.0,0.0,0.0,0.0,2.0,0.0,0.0,0.0,Tottenham-Hotspur
Pedro Porro,es ESP,DF,24,23,23,2066.0,0.0,7.0,0.0,3.0,0.0,2.2,6.0,Tottenham-Hotspur
Dejan Kulusevski,se SWE,"FW,MF",23,24,23,2028.0,6.0,2.0,0.0,6.0,0.0,3.3,5.7,Tottenham-Hotspur
Son Heung-min,kr KOR,FW,31,23,22,1897.0,13.0,6.0,1.0,1.0,0.0,7.7,7.0,Tottenham-Hotspur
Destiny Udogie,it ITA,DF,21,22,22,1851.0,2.0,3.0,0.0,7.0,1.0,2.3,2.0,Tottenham-Hotspur
Cristian Romero,ar ARG,DF,25,21,21,1710.0,4.0,0.0,0.0,4.0,1.0,1.6,0.2,Tottenham-Hotspur
Pape Matar Sarr,sn SEN,MF,21,22,18,1351.0,3.0,2.0,0.0,5.0,0.0,2.6,1.4,Tottenham-Hotspur
Micky van de Ven,nl NED,DF,22,17,17,1481.0,1.0,0.0,0.0,1.0,0.0,0.3,0.0,Tottenham-Hotspur
Yves Bissouma,ml MLI,MF,27,18,17,1394.0,0.0,0.0,0.0,7.0,2.0,1.2,0.3,Tottenham-Hotspur
Richarlison,br BRA,FW,26,22,17,1346.0,10.0,3.0,0.0,3.0,0.0,8.6,1.8,Tottenham-Hotspur
James Maddison,eng ENG,MF,27,16,16,1308.0,3.0,7.0,0.0,3.0,0.0,3.4,3.8,Tottenham-Hotspur
Brennan Johnson,wls WAL,FW,22,20,13,1110.0,3.0,6.0,0.0,1.0,0.0,4.7,3.7,Tottenham-Hotspur
Ben Davies,wls WAL,DF,30,16,11,1003.0,1.0,0.0,0.0,1.0,0.0,2.3,0.4,Tottenham-Hotspur
Emerson,br BRA,DF,25,18,9,959.0,1.0,0.0,0.0,3.0,0.0,0.2,0.4,Tottenham-Hotspur
Rodrigo Bentancur,uy URU,MF,26,11,7,488.0,1.0,0.0,0.0,3.0,0.0,1.0,0.2,Tottenham-Hotspur
Pierre Hojbjerg,dk DEN,MF,28,25,6,989.0,0.0,0.0,0.0,3.0,0.0,0.4,0.8,Tottenham-Hotspur
Timo Werner,de GER,FW,27,6,5,415.0,1.0,2.0,0.0,0.0,0.0,1.5,1.5,Tottenham-Hotspur
Oliver Skipp,eng ENG,"MF,FW",23,17,4,582.0,0.0,0.0,0.0,2.0,0.0,0.6,0.6,Tottenham-Hotspur
Giovani Lo Celso,ar ARG,MF,27,12,4,420.0,2.0,2.0,0.0,1.0,0.0,0.4,0.9,Tottenham-Hotspur
Manor Solomon,il ISR,FW,24,5,2,199.0,0.0,2.0,0.0,1.0,0.0,0.4,0.8,Tottenham-Hotspur
Bryan Gil,es ESP,"FW,MF",23,10,2,196.0,0.0,0.0,0.0,0.0,0.0,0.7,0.1,Tottenham-Hotspur
Eric Dier,eng ENG,DF,30,4,1,201.0,0.0,0.0,0.0,0.0,0.0,0.0,0.0,Tottenham-Hotspur
Ivan Perisic,hr CRO,FW,35,5,0,103.0,0.0,1.0,0.0,2.0,0.0,0.1,0.9,Tottenham-Hotspur
Davinson Sanchez,co COL,DF,27,1,0,77.0,0.0,0.0,0.0,1.0,0.0,0.1,0.0,Tottenham-Hotspur
Alejo Veliz,ar ARG,FW,20,8,0,50.0,1.0,0.0,0.0,1.0,0.0,0.2,0.0,Tottenham-Hotspur
Radu Dragusin,ro ROU,"DF,MF",22,3,0,11.0,0.0,0.0,0.0,0.0,0.0,0.0,0.0,Tottenham-Hotspur
Jamie Donley,eng ENG,FW,19,3,0,3.0,0.0,0.0,0.0,1.0,0.0,0.0,0.0,Tottenham-Hotspur
Dane Scarlett,eng ENG,FW,19,1,0,1.0,0.0,0.0,0.0,0.0,0.0,0.0,0.0,Tottenham-Hotspur
Brandon Austin,eng ENG,GK,25,0,0,,,,,,,,,Tottenham-Hotspur
Alfie Dorrington,eng ENG,DF,18,0,0,,,,,,,,,Tottenham-Hotspur
Fraser Forster,eng ENG,GK,35,0,0,,,,,,,,,Tottenham-Hotspur
Ashley Phillips,wls WAL,DF,18,0,0,,,,,,,,,Tottenham-Hotspur
Yago Santiago,es ESP,"FW,MF",20,0,0,,,,,,,,,Tottenham-Hotspur
Andre Onana,cm CMR,GK,27,27,27,2430.0,0.0,0.0,0.0,4.0,0.0,0.0,0.1,Manchester-United
Bruno Fernandes,pt POR,"MF,FW",29,26,26,2340.0,3.0,6.0,1.0,8.0,0.0,6.2,7.8,Manchester-United
Diogo Dalot,pt POR,DF,24,25,24,2184.0,1.0,2.0,0.0,6.0,1.0,0.9,1.9,Manchester-United
Marcus Rashford,eng ENG,FW,26,26,22,1898.0,6.0,2.0,1.0,2.0,0.0,6.2,2.2,Manchester-United
Alejandro Garnacho,ar ARG,FW,19,25,19,1685.0,5.0,3.0,0.0,4.0,0.0,5.4,4.4,Manchester-United
Rasmus Hojlund,dk DEN,FW,21,20,17,1465.0,7.0,2.0,0.0,2.0,0.0,6.5,1.1,Manchester-United
Casemiro,br BRA,MF,32,14,14,1087.0,1.0,1.0,0.0,4.0,0.0,2.3,0.5,Manchester-United
Scott McTominay,sct SCO,MF,27,24,13,1383.0,7.0,1.0,0.0,0.0,0.0,5.1,0.6,Manchester-United
Raphael Varane,fr FRA,DF,30,18,13,1173.0,1.0,0.0,0.0,2.0,0.0,1.3,0.1,Manchester-United
Harry Maguire,eng ENG,DF,31,16,13,1158.0,1.0,2.0,0.0,3.0,0.0,1.7,1.2,Manchester-United
Kobbie Mainoo,eng ENG,MF,18,13,13,1028.0,1.0,0.0,0.0,3.0,0.0,0.2,0.4,Manchester-United
Victor Lindelof,se SWE,DF,29,17,12,1170.0,1.0,1.0,0.0,2.0,0.0,0.4,0.3,Manchester-United
Luke Shaw,eng ENG,DF,28,12,12,959.0,0.0,0.0,0.0,6.0,0.0,0.0,1.0,Manchester-United
Jonny Evans,nir NIR,DF,36,17,11,998.0,0.0,1.0,0.0,2.0,0.0,0.1,0.8,Manchester-United
Antony,br BRA,FW,24,21,11,945.0,0.0,0.0,0.0,3.0,0.0,1.5,2.1,Manchester-United
Aaron Wan-Bissaka,eng ENG,DF,26,12,10,884.0,0.0,1.0,0.0,3.0,0.0,0.1,1.2,Manchester-United
Christian Eriksen,dk DEN,MF,32,16,9,887.0,1.0,1.0,0.0,1.0,0.0,0.7,1.8,Manchester-United
Sofyan Amrabat,ma MAR,"MF,DF",27,13,7,628.0,0.0,0.0,0.0,3.0,0.0,0.1,0.2,Manchester-United
Lisandro Martinez,ar ARG,DF,26,8,7,558.0,0.0,1.0,0.0,3.0,0.0,0.0,0.1,Manchester-United
Anthony Martial,fr FRA,FW,28,13,5,448.0,1.0,0.0,0.0,0.0,0.0,1.2,0.2,Manchester-United
Sergio Reguilon,es ESP,DF,27,9,4,412.0,0.0,0.0,0.0,3.0,0.0,0.2,0.7,Manchester-United
Mason Mount,eng ENG,MF,25,8,4,400.0,0.0,0.0,0.0,1.0,0.0,0.2,0.2,Manchester-United
Facundo Pellistri,uy URU,"FW,MF",22,9,1,172.0,0.0,1.0,0.0,0.0,0.0,0.7,0.1,Manchester-United
Hannibal Mejbri,tn TUN,"MF,FW",21,5,1,133.0,1.0,0.0,0.0,1.0,0.0,0.0,0.4,Manchester-United
Willy Kambwala,fr FRA,DF,19,3,1,107.0,0.0,0.0,0.0,0.0,0.0,0.0,0.0,Manchester-United
Omari Forson,eng ENG,FW,19,3,1,66.0,0.0,1.0,0.0,0.0,0.0,0.0,0.2,Manchester-United
Jadon Sancho,eng ENG,"FW,MF",23,3,0,79.0,0.0,0.0,0.0,0.0,0.0,0.0,0.1,Manchester-United
Amad Diallo,ci CIV,FW,21,2,0,48.0,0.0,0.0,0.0,0.0,0.0,0.1,0.1,Manchester-United
Donny van de Beek,nl NED,DF,26,1,0,3.0,0.0,0.0,0.0,0.0,0.0,0.0,0.1,Manchester-United
Daniel Gore,eng ENG,MF,19,1,0,1.0,0.0,0.0,0.0,0.0,0.0,0.0,0.0,Manchester-United
Altay Bayindir,tr TUR,GK,25,0,0,,,,,,,,,Manchester-United
Rhys Bennett,eng ENG,DF,20,0,0,,,,,,,,,Manchester-United
Alvaro Carreras,es ESP,"DF,MF",20,0,0,,,,,,,,,Manchester-United
Toby Collier,eng ENG,MF,20,0,0,,,,,,,,,Manchester-United
Tom Heaton,eng ENG,GK,37,0,0,,,,,,,,,Manchester-United
Dean Henderson,eng ENG,GK,26,0,0,,,,,,,,,Manchester-United
Joe Hugill,eng ENG,FW,20,0,0,,,,,,,,,Manchester-United
Habeeb Ogunneye,eng ENG,DF,19,0,0,,,,,,,,,Manchester-United
Radek Vitek,,GK,20,0,0,,,,,,,,,Manchester-United
Jarrod Bowen,eng ENG,FW,27,26,26,2336.0,14.0,3.0,0.0,2.0,0.0,9.0,3.5,West-Ham-United
James Ward-Prowse,eng ENG,MF,29,26,26,2287.0,5.0,7.0,2.0,4.0,0.0,5.1,5.6,West-Ham-United
Emerson Palmieri,it ITA,DF,29,26,25,2271.0,1.0,2.0,0.0,7.0,0.0,1.1,2.2,West-Ham-United
Vladimir Coufal,cz CZE,DF,31,25,25,2210.0,0.0,6.0,0.0,7.0,1.0,0.0,2.9,West-Ham-United
Alphonse Areola,fr FRA,GK,31,24,24,2114.0,0.0,0.0,0.0,1.0,0.0,0.0,0.0,West-Ham-United
Tomas Soucek,cz CZE,MF,29,26,24,2055.0,6.0,1.0,0.0,4.0,0.0,5.4,0.7,West-Ham-United
Kurt Zouma,fr FRA,DF,29,23,23,1997.0,2.0,0.0,0.0,3.0,0.0,1.5,0.1,West-Ham-United
Edson Alvarez,mx MEX,MF,26,23,22,1833.0,1.0,1.0,0.0,9.0,0.0,1.2,0.4,West-Ham-United
Lucas Paqueta,br BRA,"FW,MF",26,20,20,1666.0,2.0,5.0,1.0,6.0,0.0,3.2,3.6,West-Ham-United
Nayef Aguerd,ma MAR,DF,27,19,19,1686.0,1.0,0.0,0.0,3.0,1.0,1.5,0.2,West-Ham-United
Kudus Mohammed,gh GHA,"FW,MF",23,22,16,1500.0,6.0,3.0,0.0,5.0,0.0,3.0,2.0,West-Ham-United
Michail Antonio,jm JAM,FW,33,15,12,914.0,2.0,2.0,0.0,4.0,0.0,1.9,0.7,West-Ham-United
Konstantinos Mavropanos,gr GRE,DF,26,12,9,901.0,1.0,0.0,0.0,1.0,0.0,0.6,0.1,West-Ham-United
Said Benrahma,dz ALG,"FW,MF",28,13,5,620.0,0.0,1.0,0.0,1.0,0.0,1.8,1.4,West-Ham-United
Pablo Fornals,es ESP,"MF,FW",28,15,4,426.0,0.0,0.0,0.0,0.0,0.0,0.3,0.3,West-Ham-United
Ben Johnson,eng ENG,"DF,FW",24,9,4,399.0,0.0,0.0,0.0,1.0,0.0,0.2,0.0,West-Ham-United
Angelo Ogbonna,it ITA,DF,35,7,3,321.0,0.0,0.0,0.0,0.0,0.0,0.0,0.0,West-Ham-United
Lukasz Fabianski,pl POL,GK,38,5,3,316.0,0.0,0.0,0.0,0.0,0.0,0.0,0.0,West-Ham-United
Danny Ings,eng ENG,FW,31,13,2,255.0,0.0,0.0,0.0,1.0,0.0,0.9,0.3,West-Ham-United
Kalvin Phillips,eng ENG,MF,28,5,2,226.0,0.0,0.0,0.0,3.0,1.0,0.1,0.0,West-Ham-United
Aaron Cresswell,eng ENG,DF,34,4,2,145.0,0.0,0.0,0.0,1.0,0.0,0.0,0.1,West-Ham-United
Maxwel Cornet,ci CIV,"MF,FW",27,5,1,105.0,1.0,0.0,0.0,0.0,0.0,0.4,0.2,West-Ham-United
Divin Mubama,eng ENG,FW,19,5,0,80.0,0.0,0.0,0.0,0.0,0.0,0.1,0.0,West-Ham-United
Thilo Kehrer,de GER,"DF,MF",27,4,0,22.0,0.0,0.0,0.0,2.0,0.0,0.0,0.0,West-Ham-United
Joseph Anang,eng ENG,GK,23,0,0,,,,,,,,,West-Ham-United
Kaelan Casey,eng ENG,DF,19,0,0,,,,,,,,,West-Ham-United
Conor Coventry,ie IRL,MF,23,0,0,,,,,,,,,West-Ham-United
George Earthy,eng ENG,MF,19,0,0,,,,,,,,,West-Ham-United
Levi Laing,eng ENG,DF,20,0,0,,,,,,,,,West-Ham-United
Callum Marshall,nir NIR,DF,19,0,0,,,,,,,,,West-Ham-United
Lewis Orford,eng ENG,MF,18,0,0,,,,,,,,,West-Ham-United
Oliver Scarles,eng ENG,DF,18,0,0,,,,,,,,,West-Ham-United
Fabian Schar,ch SUI,DF,32,27,27,2353.0,3.0,1.0,0.0,4.0,0.0,2.3,0.6,Newcastle-United
Bruno Guimaraes,br BRA,MF,26,26,26,2284.0,3.0,4.0,0.0,9.0,0.0,2.6,4.1,Newcastle-United
Kieran Trippier,eng ENG,DF,33,25,25,2163.0,1.0,10.0,0.0,5.0,0.0,0.7,7.4,Newcastle-United
Anthony Gordon,eng ENG,FW,23,26,25,2152.0,9.0,5.0,1.0,8.0,0.0,7.7,4.6,Newcastle-United
Miguel Almiron,py PAR,FW,30,27,22,1770.0,3.0,1.0,0.0,1.0,0.0,4.4,2.0,Newcastle-United
Dan Burn,eng ENG,DF,31,22,21,1758.0,2.0,2.0,0.0,3.0,0.0,2.3,1.0,Newcastle-United
Sean Longstaff,eng ENG,MF,26,24,19,1809.0,4.0,2.0,0.0,5.0,0.0,3.6,1.7,Newcastle-United
Alexander Isak,se SWE,FW,24,19,16,1312.0,11.0,0.0,2.0,0.0,0.0,10.8,1.0,Newcastle-United
Sven Botman,nl NED,DF,24,16,14,1287.0,2.0,2.0,0.0,2.0,0.0,0.6,1.0,Newcastle-United
Nick Pope,eng ENG,GK,31,14,14,1255.0,0.0,0.0,0.0,0.0,0.0,0.0,0.0,Newcastle-United
Lewis Miley,eng ENG,MF,17,16,14,1192.0,1.0,2.0,0.0,1.0,0.0,1.2,1.6,Newcastle-United
Joelinton,br BRA,"MF,FW",27,16,14,1133.0,2.0,1.0,0.0,5.0,0.0,2.3,2.0,Newcastle-United
Martin Dubravka,sk SVK,GK,35,13,12,1085.0,0.0,0.0,0.0,1.0,0.0,0.0,0.1,Newcastle-United
Jamaal Lascelles,eng ENG,DF,30,15,12,1064.0,1.0,0.0,0.0,4.0,0.0,0.7,0.1,Newcastle-United
Callum Wilson,eng ENG,FW,32,16,8,862.0,7.0,1.0,2.0,2.0,0.0,7.2,0.5,Newcastle-United
Valentino Livramento,eng ENG,DF,21,20,7,885.0,1.0,0.0,0.0,1.0,0.0,0.2,0.4,Newcastle-United
Sandro Tonali,it ITA,MF,23,8,5,438.0,1.0,0.0,0.0,2.0,0.0,0.7,0.6,Newcastle-United
Jacob Murphy,eng ENG,FW,29,10,4,421.0,1.0,3.0,0.0,1.0,0.0,0.9,1.9,Newcastle-United
Elliot Anderson,sct SCO,"MF,FW",21,10,4,412.0,0.0,1.0,0.0,0.0,0.0,0.7,0.9,Newcastle-United
Harvey Barnes,eng ENG,FW,26,11,3,360.0,2.0,1.0,0.0,1.0,0.0,1.2,0.9,Newcastle-United
Joe Willock,eng ENG,"MF,FW",24,5,2,224.0,1.0,0.0,0.0,0.0,0.0,0.4,0.4,Newcastle-United
Lewis Hall,eng ENG,DF,19,8,1,111.0,0.0,0.0,0.0,1.0,0.0,0.0,0.0,Newcastle-United
Loris Karius,de GER,GK,30,1,1,90.0,0.0,0.0,0.0,0.0,0.0,0.0,0.0,Newcastle-United
Matt Targett,eng ENG,DF,28,3,1,78.0,0.0,0.0,0.0,1.0,0.0,0.0,0.0,Newcastle-United
Matt Ritchie,sct SCO,FW,34,8,0,109.0,1.0,0.0,0.0,1.0,0.0,0.8,0.0,Newcastle-United
Emil Krafth,se SWE,DF,29,6,0,86.0,0.0,0.0,0.0,0.0,0.0,0.1,0.5,Newcastle-United
Ben Parkinson,eng ENG,FW,18,1,0,25.0,0.0,0.0,0.0,0.0,0.0,0.0,0.0,Newcastle-United
Paul Dummett,wls WAL,DF,32,1,0,5.0,0.0,0.0,0.0,0.0,0.0,0.0,0.0,Newcastle-United
Alex Murphy,ie IRL,"FW,DF",19,1,0,4.0,0.0,0.0,0.0,0.0,0.0,0.0,0.0,Newcastle-United
Amadou Diallo,eng ENG,MF,21,1,0,1.0,0.0,0.0,0.0,0.0,0.0,0.0,0.0,Newcastle-United
Michael Ndiweni,eng ENG,FW,20,1,0,1.0,0.0,0.0,0.0,0.0,0.0,0.0,0.0,Newcastle-United
Joe White,eng ENG,MF,21,1,0,1.0,0.0,0.0,0.0,0.0,0.0,0.0,0.0,Newcastle-United
Mark Gillespie,eng ENG,GK,31,0,0,,,,,,,,,Newcastle-United
Travis Hearnes,eng ENG,MF,18,0,0,,,,,,,,,Newcastle-United
Javier Manquillo,es ESP,DF,29,0,0,,,,,,,,,Newcastle-United
Pascal Gross,de GER,"MF,DF",32,25,23,2124.0,4.0,10.0,1.0,4.0,0.0,5.3,6.7,Brighton-and-Hove-Albion
Lewis Dunk,eng ENG,DF,32,23,23,2014.0,3.0,1.0,0.0,6.0,1.0,2.9,0.8,Brighton-and-Hove-Albion
Jan Paul van Hecke,nl NED,DF,23,22,20,1829.0,0.0,0.0,0.0,3.0,0.0,1.1,0.8,Brighton-and-Hove-Albion
Billy Gilmour,sct SCO,MF,22,25,20,1778.0,0.0,1.0,0.0,5.0,1.0,0.9,2.0,Brighton-and-Hove-Albion
Kaoru Mitoma,jp JPN,FW,26,19,15,1486.0,3.0,4.0,0.0,4.0,0.0,3.5,2.7,Brighton-and-Hove-Albion
Simon Adingra,ci CIV,FW,22,20,15,1367.0,6.0,1.0,0.0,2.0,0.0,3.0,2.2,Brighton-and-Hove-Albion
Jason Steele,eng ENG,GK,33,15,15,1350.0,0.0,0.0,0.0,0.0,0.0,0.0,0.0,Brighton-and-Hove-Albion
Evan Ferguson,ie IRL,FW,19,25,14,1300.0,6.0,0.0,0.0,1.0,0.0,4.6,0.5,Brighton-and-Hove-Albion
Danny Welbeck,eng ENG,"FW,MF",33,18,14,997.0,3.0,1.0,0.0,2.0,0.0,3.6,1.3,Brighton-and-Hove-Albion
Joao Pedro,br BRA,"FW,MF",22,23,12,1392.0,8.0,2.0,4.0,2.0,0.0,8.4,2.3,Brighton-and-Hove-Albion
Bart Verbruggen,nl NED,GK,21,12,12,1080.0,0.0,0.0,0.0,2.0,0.0,0.0,0.0,Brighton-and-Hove-Albion
Facundo Buonanotte,ar ARG,"MF,FW",19,19,12,943.0,3.0,1.0,0.0,6.0,0.0,1.9,1.7,Brighton-and-Hove-Albion
Igor,br BRA,DF,26,15,11,986.0,0.0,0.0,0.0,4.0,0.0,0.1,0.3,Brighton-and-Hove-Albion
Pervis Estupinan,ec ECU,DF,26,15,11,977.0,2.0,3.0,0.0,4.0,0.0,0.9,3.4,Brighton-and-Hove-Albion
James Milner,eng ENG,"DF,MF",38,15,11,773.0,0.0,2.0,0.0,3.0,0.0,0.3,1.8,Brighton-and-Hove-Albion
Joel Veltman,nl NED,DF,32,19,10,1042.0,0.0,1.0,0.0,1.0,0.0,0.1,0.4,Brighton-and-Hove-Albion
Adam Lallana,eng ENG,MF,35,19,10,653.0,0.0,1.0,0.0,1.0,0.0,0.3,1.6,Brighton-and-Hove-Albion
Adam Webster,eng ENG,DF,29,10,9,767.0,0.0,0.0,0.0,2.0,0.0,0.3,0.1,Brighton-and-Hove-Albion
Jack Hinshelwood,eng ENG,DF,18,12,8,869.0,3.0,0.0,0.0,1.0,0.0,1.9,0.7,Brighton-and-Hove-Albion
Carlos Baleba,cm CMR,MF,20,16,8,674.0,0.0,0.0,0.0,5.0,0.0,0.5,0.1,Brighton-and-Hove-Albion
Tariq Lamptey,gh GHA,"DF,FW",23,12,7,562.0,0.0,3.0,0.0,3.0,0.0,0.4,0.6,Brighton-and-Hove-Albion
Solly March,eng ENG,"FW,DF",29,7,7,554.0,3.0,1.0,0.0,1.0,0.0,2.0,1.0,Brighton-and-Hove-Albion
Mahmoud Dahoud,de GER,MF,28,9,6,452.0,0.0,1.0,0.0,1.0,1.0,0.2,0.9,Brighton-and-Hove-Albion
Ansu Fati,es ESP,"MF,FW",21,14,2,417.0,2.0,0.0,0.0,1.0,0.0,3.1,0.8,Brighton-and-Hove-Albion
Julio Cesar Enciso,py PAR,"MF,FW",20,4,2,132.0,0.0,2.0,0.0,1.0,0.0,0.4,0.8,Brighton-and-Hove-Albion
Jakub Moder,pl POL,"MF,DF",24,8,0,146.0,0.0,0.0,0.0,1.0,0.0,0.3,0.1,Brighton-and-Hove-Albion
Benicio Boaitey,eng ENG,"DF,FW",20,4,0,16.0,0.0,0.0,0.0,0.0,0.0,0.0,0.0,Brighton-and-Hove-Albion
Steven Alzate,co COL,MF,25,0,0,,,,,,,,,Brighton-and-Hove-Albion
Valentin Barco,ar ARG,DF,19,0,0,,,,,,,,,Brighton-and-Hove-Albion
Luca Barrington,eng ENG,MF,19,0,0,,,,,,,,,Brighton-and-Hove-Albion
Josh Duffus,eng ENG,MF,19,0,0,,,,,,,,,Brighton-and-Hove-Albion
Ben Jackson,eng ENG,DF,20,0,0,,,,,,,,,Brighton-and-Hove-Albion
Leigh Kavanagh,ie IRL,DF,20,0,0,,,,,,,,,Brighton-and-Hove-Albion
Mark O'Mahony,ie IRL,FW,19,0,0,,,,,,,,,Brighton-and-Hove-Albion
Cameron Peupion,au AUS,MF,21,0,0,,,,,,,,,Brighton-and-Hove-Albion
Imari Samuels,eng ENG,DF,21,0,0,,,,,,,,,Brighton-and-Hove-Albion
Max Kilman,eng ENG,DF,26,27,27,2430.0,2.0,0.0,0.0,5.0,0.0,1.6,0.7,Wolverhampton-Wanderers
Nelson Semedo,pt POR,"DF,MF",30,26,26,2257.0,0.0,1.0,0.0,6.0,0.0,0.8,1.1,Wolverhampton-Wanderers
Craig Dawson,eng ENG,DF,33,25,25,2209.0,1.0,1.0,0.0,7.0,0.0,1.5,1.4,Wolverhampton-Wanderers
Jose Sa,pt POR,GK,31,25,25,2137.0,0.0,0.0,0.0,1.0,0.0,0.0,0.0,Wolverhampton-Wanderers
Mario Lemina,ga GAB,MF,30,24,24,2089.0,4.0,0.0,0.0,10.0,1.0,3.8,0.6,Wolverhampton-Wanderers
Matheus Cunha,br BRA,"FW,MF",24,24,24,1961.0,9.0,6.0,1.0,5.0,0.0,8.2,3.1,Wolverhampton-Wanderers
Toti Gomes,pt POR,DF,25,24,21,1828.0,0.0,2.0,0.0,3.0,0.0,1.0,0.8,Wolverhampton-Wanderers
Joao Gomes,br BRA,MF,23,23,21,1725.0,2.0,1.0,0.0,6.0,0.0,1.1,0.9,Wolverhampton-Wanderers
Rayan Ait Nouri,dz ALG,"DF,MF",22,23,20,1615.0,0.0,1.0,0.0,6.0,0.0,1.6,1.6,Wolverhampton-Wanderers
Hwang Hee-chan,kr KOR,"FW,MF",28,22,19,1620.0,10.0,3.0,1.0,4.0,0.0,6.3,2.9,Wolverhampton-Wanderers
Pedro Neto,pt POR,"MF,FW",23,18,17,1459.0,2.0,9.0,0.0,4.0,0.0,3.4,4.4,Wolverhampton-Wanderers
Pablo Sarabia,es ESP,"MF,FW",31,20,14,1183.0,3.0,6.0,1.0,1.0,0.0,3.6,5.2,Wolverhampton-Wanderers
Jean-Ricner Bellegarde,fr FRA,"MF,FW",25,18,8,796.0,2.0,1.0,0.0,0.0,1.0,1.4,0.8,Wolverhampton-Wanderers
Tommy Doyle,eng ENG,MF,22,18,6,733.0,0.0,0.0,0.0,2.0,0.0,0.2,0.2,Wolverhampton-Wanderers
Hugo Bueno,es ESP,"DF,MF",21,14,4,432.0,0.0,0.0,0.0,1.0,0.0,0.2,0.5,Wolverhampton-Wanderers
Matt Doherty,ie IRL,"DF,MF",32,20,3,579.0,1.0,0.0,0.0,1.0,0.0,0.5,0.7,Wolverhampton-Wanderers
Boubacar Traore,ml MLI,"MF,FW",22,14,3,403.0,0.0,0.0,0.0,1.0,0.0,0.1,0.2,Wolverhampton-Wanderers
Fabio Silva,pt POR,FW,21,8,3,264.0,0.0,0.0,0.0,2.0,0.0,1.0,0.2,Wolverhampton-Wanderers
Daniel Bentley,eng ENG,GK,30,4,2,293.0,0.0,0.0,0.0,0.0,0.0,0.0,0.0,Wolverhampton-Wanderers
Santiago Bueno,uy URU,DF,25,3,2,201.0,0.0,0.0,0.0,0.0,0.0,0.0,0.0,Wolverhampton-Wanderers
Matheus Nunes,pt POR,MF,25,2,2,179.0,0.0,0.0,0.0,2.0,1.0,0.1,0.1,Wolverhampton-Wanderers
Sasa Kalajdzic,at AUT,FW,26,11,1,166.0,2.0,0.0,0.0,0.0,0.0,1.1,1.0,Wolverhampton-Wanderers
Nathan Fraser,ie IRL,FW,19,3,0,99.0,0.0,0.0,0.0,1.0,0.0,0.1,0.0,Wolverhampton-Wanderers
Tawanda Chirewa,eng ENG,"MF,FW",20,2,0,13.0,0.0,0.0,0.0,0.0,0.0,0.1,0.0,Wolverhampton-Wanderers
Jonny Castro,es ESP,MF,30,1,0,5.0,0.0,0.0,0.0,0.0,0.0,0.0,0.0,Wolverhampton-Wanderers
Ty Barnett,eng ENG,FW,18,0,0,,,,,,,,,Wolverhampton-Wanderers
Enso Gonzalez,py PAR,MF,19,0,0,,,,,,,,,Wolverhampton-Wanderers
Harvey Griffiths,eng ENG,MF,20,0,0,,,,,,,,,Wolverhampton-Wanderers
Owen Hesketh,wls WAL,MF,21,0,0,,,,,,,,,Wolverhampton-Wanderers
Joseph Hodge,ie IRL,MF,21,0,0,,,,,,,,,Wolverhampton-Wanderers
Justin Hubner,id IDN,DF,20,0,0,,,,,,,,,Wolverhampton-Wanderers
Tom King,wls WAL,GK,28,0,0,,,,,,,,,Wolverhampton-Wanderers
Noha Lemina,fr FRA,FW,18,0,0,,,,,,,,,Wolverhampton-Wanderers
Yerson Mosquera,co COL,DF,22,0,0,,,,,,,,,Wolverhampton-Wanderers
Wesley Okoduwa,,FW,,0,0,,,,,,,,,Wolverhampton-Wanderers
Matthew Whittingham,eng ENG,MF,19,0,0,,,,,,,,,Wolverhampton-Wanderers
Conor Gallagher,eng ENG,MF,24,25,25,2092.0,2.0,4.0,0.0,7.0,1.0,2.4,3.2,Chelsea
Axel Disasi,fr FRA,DF,25,24,24,2136.0,2.0,0.0,0.0,6.0,0.0,1.4,0.2,Chelsea
Thiago Silva,br BRA,DF,39,23,22,1983.0,2.0,0.0,0.0,3.0,0.0,0.4,0.6,Chelsea
Moises Caicedo,ec ECU,MF,22,23,21,1851.0,0.0,1.0,0.0,7.0,0.0,0.2,1.5,Chelsea
Enzo Fernandez,ar ARG,MF,23,23,21,1783.0,3.0,0.0,1.0,6.0,0.0,5.7,2.9,Chelsea
Levi Colwill,eng ENG,DF,21,23,20,1797.0,1.0,1.0,0.0,2.0,0.0,1.3,1.2,Chelsea
Raheem Sterling,eng ENG,"FW,MF",29,24,20,1743.0,6.0,3.0,0.0,5.0,0.0,5.3,3.8,Chelsea
Nicolas Jackson,sn SEN,FW,22,23,19,1726.0,8.0,3.0,0.0,9.0,0.0,12.3,2.7,Chelsea
Cole Palmer,eng ENG,"FW,MF",21,22,18,1655.0,10.0,7.0,5.0,7.0,0.0,8.7,6.2,Chelsea
Robert Sanchez,es ESP,GK,26,16,16,1433.0,0.0,0.0,0.0,2.0,0.0,0.0,0.0,Chelsea
Malo Gusto,fr FRA,DF,20,19,14,1278.0,0.0,5.0,0.0,5.0,1.0,0.4,3.2,Chelsea
Dorde Petrovic,rs SRB,GK,24,11,10,907.0,0.0,0.0,0.0,1.0,0.0,0.0,0.0,Chelsea
Mykhailo Mudryk,ua UKR,"FW,MF",23,20,9,891.0,3.0,2.0,0.0,3.0,0.0,2.0,1.8,Chelsea
Ben Chilwell,eng ENG,DF,27,12,9,745.0,0.0,1.0,0.0,5.0,0.0,1.2,2.2,Chelsea
Marc Cucurella,es ESP,DF,25,9,8,703.0,0.0,0.0,0.0,5.0,0.0,0.8,0.2,Chelsea
Benoit Badiashile,fr FRA,DF,22,8,6,560.0,0.0,1.0,0.0,1.0,0.0,0.1,0.5,Chelsea
Armando Broja,al ALB,FW,22,13,6,454.0,1.0,0.0,0.0,0.0,0.0,2.4,0.2,Chelsea
Reece James,eng ENG,DF,24,8,5,388.0,0.0,1.0,0.0,2.0,1.0,0.3,1.5,Chelsea
Noni Madueke,eng ENG,FW,21,12,4,349.0,2.0,0.0,1.0,1.0,0.0,1.2,0.6,Chelsea
Lesley Ugochukwu,fr FRA,MF,19,10,3,273.0,0.0,0.0,0.0,2.0,0.0,0.0,0.0,Chelsea
Christopher Nkunku,fr FRA,"FW,MF",26,7,2,319.0,2.0,0.0,0.0,0.0,0.0,1.7,0.1,Chelsea
Carney Chukwuemeka,eng ENG,MF,20,5,2,170.0,1.0,1.0,0.0,2.0,0.0,0.1,0.3,Chelsea
Ian Maatsen,nl NED,"FW,MF",21,12,1,209.0,0.0,0.0,0.0,1.0,0.0,0.8,0.1,Chelsea
Trevoh Chalobah,eng ENG,DF,24,2,1,110.0,0.0,0.0,0.0,0.0,0.0,0.0,0.0,Chelsea
Romeo Lavia,be BEL,MF,20,1,0,33.0,0.0,0.0,0.0,0.0,0.0,0.0,0.0,Chelsea
Alfie Gilchrist,eng ENG,"DF,FW",20,5,0,20.0,0.0,0.0,0.0,0.0,0.0,0.0,0.0,Chelsea
Cesare Casadei,it ITA,MF,21,2,0,15.0,0.0,0.0,0.0,0.0,0.0,0.0,0.1,Chelsea
Deivid Washington,br BRA,DF,18,1,0,10.0,0.0,0.0,0.0,0.0,0.0,0.5,0.0,Chelsea
Mason Burstow,eng ENG,FW,20,2,0,9.0,0.0,0.0,0.0,0.0,0.0,0.0,0.0,Chelsea
Alex Matos,eng ENG,MF,19,1,0,1.0,0.0,0.0,0.0,0.0,0.0,0.0,0.0,Chelsea
Marcus Bettinelli,eng ENG,GK,31,0,0,,0.0,0.0,0.0,1.0,0.0,,,Chelsea
Eddie Beach,wls WAL,GK,20,0,0,,,,,,,,,Chelsea
Lucas Bergstrom,fi FIN,GK,21,0,0,,,,,,,,,Chelsea
Joshua Brooking,eng ENG,DF,21,0,0,,,,,,,,,Chelsea
Leo Castledine,eng ENG,MF,18,0,0,,,,,,,,,Chelsea
Ollie Harrison,eng ENG,MF,16,0,0,,,,,,,,,Chelsea
Bashir Humphreys,eng ENG,DF,20,0,0,,,,,,,,,Chelsea
Diego Moreira,pt POR,MF,19,0,0,,,,,,,,,Chelsea
Ishe Samuels-Smith,eng ENG,DF,17,0,0,,,,,,,,,Chelsea
Andrey Santos,br BRA,MF,19,0,0,,,,,,,,,Chelsea
Ronnie Stutter,eng ENG,FW,19,0,0,,,,,,,,,Chelsea
Jimi Tauriainen,eng ENG,FW,19,0,0,,,,,,,,,Chelsea
Bernd Leno,de GER,GK,32,27,27,2430.0,0.0,0.0,0.0,3.0,0.0,0.0,0.0,Fulham
Antonee Robinson,us USA,DF,26,26,26,2288.0,0.0,5.0,0.0,4.0,0.0,0.5,3.2,Fulham
Andreas Pereira,br BRA,MF,28,27,24,1870.0,1.0,5.0,0.0,5.0,0.0,1.9,5.1,Fulham
Joao Palhinha,pt POR,MF,28,22,21,1849.0,3.0,1.0,0.0,10.0,0.0,1.5,0.3,Fulham
Timothy Castagne,be BEL,DF,28,24,20,1849.0,0.0,1.0,0.0,2.0,0.0,1.3,0.9,Fulham
Willian,br BRA,FW,35,22,18,1501.0,4.0,2.0,2.0,1.0,0.0,4.5,2.7,Fulham
Raul Jimenez,mx MEX,FW,32,19,17,1240.0,5.0,0.0,0.0,3.0,1.0,4.5,1.3,Fulham
Tim Ream,us USA,DF,36,17,16,1413.0,1.0,0.0,0.0,4.0,1.0,1.0,0.0,Fulham
Calvin Bassey,ng NGA,DF,24,18,14,1313.0,1.0,0.0,0.0,4.0,1.0,0.2,0.0,Fulham
Alex Iwobi,ng NGA,"FW,MF",27,19,14,1310.0,4.0,1.0,0.0,2.0,0.0,4.1,1.7,Fulham
Bobby Reid,jm JAM,FW,31,24,14,1161.0,5.0,2.0,0.0,3.0,0.0,3.6,1.7,Fulham
Harry Wilson,wls WAL,FW,26,25,13,1323.0,3.0,4.0,0.0,6.0,0.0,2.3,2.7,Fulham
Tom Cairney,sct SCO,MF,33,25,13,1216.0,1.0,3.0,0.0,2.0,0.0,0.8,1.9,Fulham
Issa Diop,fr FRA,DF,27,15,13,1155.0,0.0,0.0,0.0,2.0,0.0,0.2,0.0,Fulham
Harrison Reed,eng ENG,MF,29,21,12,1077.0,0.0,1.0,0.0,3.0,0.0,0.2,0.7,Fulham
Tosin Adarabioyo,eng ENG,DF,26,13,11,993.0,1.0,0.0,0.0,1.0,0.0,0.3,0.1,Fulham
Rodrigo Muniz,br BRA,FW,22,15,8,783.0,5.0,1.0,0.0,1.0,0.0,3.2,1.4,Fulham
Kenny Tete,nl NED,DF,28,10,8,672.0,1.0,0.0,0.0,2.0,0.0,0.8,0.1,Fulham
Sasa Lukic,rs SRB,MF,27,15,6,575.0,0.0,0.0,0.0,2.0,0.0,0.8,0.3,Fulham
Carlos Vinicius,br BRA,FW,28,13,2,315.0,2.0,0.0,0.0,2.0,0.0,1.6,0.8,Fulham
Adama Traore,es ESP,"FW,MF",28,8,0,87.0,1.0,1.0,0.0,1.0,0.0,1.1,0.1,Fulham
Luke Harris,wls WAL,MF,18,1,0,75.0,0.0,0.0,0.0,0.0,0.0,0.3,0.0,Fulham
Fode Ballo-Toure,sn SEN,"DF,MF",27,5,0,58.0,0.0,0.0,0.0,1.0,0.0,0.0,0.0,Fulham
Armando Broja,al ALB,FW,22,3,0,40.0,0.0,0.0,0.0,0.0,0.0,0.0,0.0,Fulham
Aleksandar Mitrovic,rs SRB,FW,29,1,0,33.0,0.0,0.0,0.0,0.0,0.0,0.2,0.0,Fulham
Marek Rodak,sk SVK,GK,27,0,0,,0.0,0.0,0.0,1.0,0.0,,,Fulham
Luc De Fougerolles,ca CAN,DF,18,0,0,,,,,,,,,Fulham
Matt Dibley-Dias,nz NZL,MF,20,0,0,,,,,,,,,Fulham
Tyrese Francois,au AUS,MF,23,0,0,,,,,,,,,Fulham
Joshua King,eng ENG,MF,17,0,0,,,,,,,,,Fulham
Kevin Mbabu,ch SUI,DF,28,0,0,,,,,,,,,Fulham
Kristian Sekularac,ch SUI,MF,20,0,0,,,,,,,,,Fulham
Jay Stansfield,eng ENG,"FW,MF",21,0,0,,,,,,,,,Fulham
Devan Tanton,co COL,DF,20,0,0,,,,,,,,,Fulham
Illia Zabarnyi,ua UKR,DF,21,26,26,2340.0,0.0,0.0,0.0,4.0,0.0,0.5,0.3,Bournemouth
Dominic Solanke,eng ENG,FW,26,26,26,2315.0,14.0,3.0,1.0,2.0,0.0,14.8,2.0,Bournemouth
Ryan Christie,sct SCO,MF,29,26,25,2027.0,0.0,2.0,0.0,4.0,0.0,1.2,3.7,Bournemouth
Neto,br BRA,GK,34,24,24,2160.0,0.0,0.0,0.0,4.0,0.0,0.0,0.0,Bournemouth
Lewis Cook,eng ENG,MF,27,21,20,1710.0,0.0,3.0,0.0,4.0,1.0,0.1,2.6,Bournemouth
Marcus Tavernier,eng ENG,FW,24,23,20,1709.0,2.0,4.0,0.0,2.0,0.0,3.6,4.7,Bournemouth
Marcos Senesi,ar ARG,DF,26,23,19,1658.0,3.0,2.0,0.0,8.0,0.0,1.0,0.8,Bournemouth
Antoine Semenyo,gh GHA,FW,24,22,16,1244.0,5.0,1.0,0.0,4.0,0.0,2.7,2.2,Bournemouth
Justin Kluivert,nl NED,"MF,FW",24,21,16,1163.0,4.0,0.0,0.0,4.0,0.0,3.3,1.5,Bournemouth
Milos Kerkez,hu HUN,DF,20,20,15,1402.0,0.0,1.0,0.0,2.0,0.0,0.3,0.3,Bournemouth
Adam Smith,eng ENG,DF,32,17,14,1277.0,0.0,2.0,0.0,2.0,0.0,0.0,0.6,Bournemouth
Philip Billing,dk DEN,MF,27,21,12,1221.0,2.0,2.0,0.0,3.0,1.0,2.1,2.5,Bournemouth
Max Aarons,eng ENG,DF,24,14,12,1085.0,0.0,1.0,0.0,1.0,0.0,0.0,0.8,Bournemouth
Lloyd Kelly,eng ENG,DF,25,14,12,1012.0,0.0,0.0,0.0,1.0,0.0,0.1,0.2,Bournemouth
Alex Scott,eng ENG,MF,20,13,6,630.0,1.0,1.0,0.0,2.0,0.0,0.4,0.5,Bournemouth
Luis Sinisterra,co COL,"FW,MF",24,17,5,587.0,2.0,2.0,0.0,0.0,0.0,2.0,2.1,Bournemouth
Dango Ouattara,bf BFA,"FW,DF",22,18,5,538.0,0.0,0.0,0.0,2.0,0.0,1.1,0.6,Bournemouth
Joe Rothwell,eng ENG,MF,29,11,3,386.0,0.0,0.0,0.0,0.0,0.0,0.1,0.2,Bournemouth
Chris Mepham,wls WAL,DF,26,7,3,347.0,0.0,0.0,0.0,1.0,0.0,0.1,0.0,Bournemouth
David Brooks,wls WAL,"FW,MF",26,13,2,282.0,1.0,1.0,0.0,1.0,0.0,2.2,1.0,Bournemouth
Ionut Radu,ro ROU,GK,26,2,2,180.0,0.0,0.0,0.0,0.0,0.0,0.0,0.0,Bournemouth
Jaidon Anthony,eng ENG,FW,24,3,2,152.0,0.0,0.0,0.0,1.0,0.0,0.1,0.0,Bournemouth
James Hill,eng ENG,DF,22,2,1,70.0,0.0,0.0,0.0,0.0,0.0,0.0,0.0,Bournemouth
Kieffer Moore,wls WAL,"FW,MF",31,8,0,108.0,1.0,0.0,0.0,0.0,0.0,1.5,0.2,Bournemouth
Hamed Junior Traore,ci CIV,MF,24,3,0,47.0,0.0,0.0,0.0,0.0,0.0,0.2,0.0,Bournemouth
Enes Unal,tr TUR,"MF,FW",26,4,0,28.0,0.0,0.0,0.0,0.0,0.0,0.3,0.0,Bournemouth
Romain Faivre,fr FRA,"MF,DF",25,3,0,18.0,0.0,0.0,0.0,1.0,0.0,0.1,0.0,Bournemouth
Ben Greenwood,ie IRL,DF,21,0,0,,,,,,,,,Bournemouth
Gavin Kilkenny,ie IRL,MF,24,0,0,,,,,,,,,Bournemouth
Emiliano Marcondes,dk DEN,"FW,MF",28,0,0,,,,,,,,,Bournemouth
Darren Randolph,ie IRL,GK,36,0,0,,,,,,,,,Bournemouth
Dominic Sadi,eng ENG,MF,20,0,0,,,,,,,,,Bournemouth
Mark Travers,ie IRL,GK,24,0,0,,,,,,,,,Bournemouth
Maxwell Wellings,eng ENG,DF,19,0,0,,,,,,,,,Bournemouth
Joachim Andersen,dk DEN,DF,27,27,27,2429.0,2.0,2.0,0.0,4.0,0.0,1.2,1.5,Crystal-Palace
Tyrick Mitchell,eng ENG,DF,24,26,26,2257.0,1.0,2.0,0.0,5.0,0.0,0.6,1.1,Crystal-Palace
Jordan Ayew,gh GHA,"FW,MF",32,25,24,2065.0,4.0,6.0,0.0,8.0,1.0,3.4,4.0,Crystal-Palace
Jefferson Lerma,co COL,MF,29,22,22,1935.0,1.0,1.0,0.0,7.0,0.0,2.6,1.7,Crystal-Palace
Marc Guehi,eng ENG,DF,23,22,22,1912.0,0.0,1.0,0.0,2.0,0.0,0.6,0.5,Crystal-Palace
Sam Johnstone,eng ENG,GK,30,19,19,1706.0,0.0,0.0,0.0,1.0,0.0,0.0,0.0,Crystal-Palace
Joel Ward,eng ENG,DF,34,19,19,1602.0,0.0,1.0,0.0,4.0,0.0,0.7,0.2,Crystal-Palace
Odsonne Edouard,fr FRA,"FW,MF",26,21,17,1417.0,6.0,0.0,0.0,3.0,0.0,5.7,1.1,Crystal-Palace
Jeffrey Schlupp,gh GHA,"FW,MF",31,20,17,1223.0,1.0,1.0,0.0,0.0,0.0,1.7,1.7,Crystal-Palace
Chris Richards,us USA,"DF,MF",23,18,15,1374.0,1.0,0.0,0.0,2.0,0.0,0.3,0.2,Crystal-Palace
Will Hughes,eng ENG,MF,28,20,15,1303.0,0.0,0.0,0.0,3.0,0.0,0.2,0.8,Crystal-Palace
Jean-Philippe Mateta,fr FRA,FW,26,24,14,1425.0,4.0,4.0,2.0,2.0,0.0,3.9,2.3,Crystal-Palace
Eberechi Eze,eng ENG,"MF,FW",25,17,14,1226.0,6.0,1.0,1.0,2.0,0.0,4.9,2.3,Crystal-Palace
Cheick Doucoure,ml MLI,MF,24,11,11,919.0,0.0,0.0,0.0,2.0,0.0,0.3,0.7,Crystal-Palace
Michael Olise,fr FRA,"FW,MF",22,11,8,755.0,6.0,3.0,1.0,0.0,0.0,3.2,3.3,Crystal-Palace
Dean Henderson,eng ENG,GK,26,8,8,720.0,0.0,0.0,0.0,1.0,0.0,0.0,0.0,Crystal-Palace
Nathaniel Clyne,eng ENG,DF,32,10,7,718.0,0.0,0.0,0.0,0.0,0.0,0.0,0.0,Crystal-Palace
Daniel Munoz,co COL,DF,27,5,5,450.0,0.0,0.0,0.0,2.0,0.0,0.3,0.4,Crystal-Palace
Adam Wharton,eng ENG,MF,19,5,4,375.0,0.0,0.0,0.0,1.0,0.0,0.1,0.5,Crystal-Palace
Jairo Riedewald,nl NED,"MF,FW",27,4,2,176.0,0.0,0.0,0.0,0.0,0.0,0.0,0.0,Crystal-Palace
Matheus Franca,br BRA,"MF,FW",19,10,1,232.0,0.0,1.0,0.0,1.0,0.0,0.4,0.9,Crystal-Palace
Naouirou Ahamada,fr FRA,"MF,FW",21,15,0,214.0,0.0,0.0,0.0,1.0,0.0,0.2,0.0,Crystal-Palace
Jesuran Rak Sakyi,eng ENG,"MF,FW",21,6,0,136.0,0.0,0.0,0.0,0.0,0.0,0.4,0.2,Crystal-Palace
David Ozoh,eng ENG,MF,18,8,0,135.0,0.0,0.0,0.0,1.0,0.0,0.0,0.0,Crystal-Palace
James Tomkins,eng ENG,DF,34,3,0,6.0,0.0,0.0,0.0,0.0,0.0,0.0,0.0,Crystal-Palace
Remi Matthews,eng ENG,GK,30,1,0,4.0,0.0,0.0,0.0,0.0,0.0,0.0,0.0,Crystal-Palace
Tayo Adaramola,ie IRL,DF,20,0,0,,,,,,,,,Crystal-Palace
Malcolm Ebiowei,eng ENG,MF,20,0,0,,,,,,,,,Crystal-Palace
John-Kymani Gordon,eng ENG,FW,21,0,0,,,,,,,,,Crystal-Palace
Rob Holding,eng ENG,DF,28,0,0,,,,,,,,,Crystal-Palace
Ademola Ola-Adebomi,eng ENG,FW,20,0,0,,,,,,,,,Crystal-Palace
Luke Plange,eng ENG,FW,21,0,0,,,,,,,,,Crystal-Palace
Jadan Raymond,wls WAL,MF,20,0,0,,,,,,,,,Crystal-Palace
Kaden Rodney,eng ENG,MF,19,0,0,,,,,,,,,Crystal-Palace
Franco Umeh-Chibueze,ie IRL,MF,19,0,0,,,,,,,,,Crystal-Palace
Joseph Whitworth,eng ENG,GK,20,0,0,,,,,,,,,Crystal-Palace
Mark Flekken,nl NED,GK,30,26,26,2295.0,0.0,1.0,0.0,3.0,0.0,0.0,0.2,Brentford
Vitaly Janelt,de GER,"MF,DF",25,27,26,2149.0,0.0,2.0,0.0,5.0,0.0,1.3,3.8,Brentford
Christian Norgaard,dk DEN,MF,29,25,25,2142.0,2.0,1.0,0.0,8.0,0.0,3.4,1.7,Brentford
Ethan Pinnock,jm JAM,DF,30,23,23,2070.0,1.0,0.0,0.0,0.0,0.0,1.7,1.0,Brentford
Yoane Wissa,cd COD,FW,27,23,20,1743.0,6.0,1.0,0.0,3.0,0.0,7.2,2.2,Brentford
Nathan Collins,ie IRL,DF,22,22,19,1752.0,1.0,1.0,0.0,2.0,0.0,1.2,1.5,Brentford
Mathias Jensen,dk DEN,MF,28,22,19,1457.0,3.0,3.0,0.0,3.0,0.0,0.6,2.9,Brentford
Mads Roerslev,dk DEN,DF,24,23,15,1323.0,1.0,2.0,0.0,0.0,0.0,0.9,1.3,Brentford
Bryan Mbeumo,cm CMR,FW,24,15,15,1286.0,7.0,3.0,3.0,1.0,0.0,8.5,2.7,Brentford
Ben Mee,eng ENG,DF,34,16,15,1272.0,2.0,0.0,0.0,1.0,1.0,1.5,0.3,Brentford
Neal Maupay,fr FRA,FW,27,22,12,1184.0,6.0,3.0,0.0,5.0,0.0,5.3,2.3,Brentford
Kristoffer Ajer,no NOR,DF,25,19,12,1118.0,0.0,1.0,0.0,4.0,0.0,0.7,1.8,Brentford
Frank Onyeka,ng NGA,MF,26,20,9,1006.0,0.0,2.0,0.0,7.0,0.0,1.9,1.8,Brentford
Keane Lewis-Potter,eng ENG,"FW,DF",23,20,9,914.0,2.0,1.0,0.0,0.0,0.0,3.2,1.0,Brentford
Aaron Hickey,sct SCO,DF,21,9,9,713.0,0.0,0.0,0.0,5.0,0.0,0.2,0.1,Brentford
Ivan Toney,eng ENG,FW,27,8,8,720.0,4.0,0.0,0.0,2.0,0.0,3.1,0.6,Brentford
Saman Ghoddos,ir IRN,DF,30,16,7,706.0,1.0,0.0,0.0,5.0,0.0,0.3,1.1,Brentford
Sergio Reguilon,es ESP,DF,27,7,6,508.0,0.0,1.0,0.0,2.0,0.0,0.5,1.1,Brentford
Mathias Jorgensen,dk DEN,DF,33,7,5,458.0,0.0,0.0,0.0,2.0,0.0,0.1,0.5,Brentford
Rico Henry,eng ENG,DF,26,5,5,401.0,0.0,1.0,0.0,1.0,0.0,0.1,1.0,Brentford
Yehor Yarmoliuk,ua UKR,MF,20,16,4,426.0,0.0,0.0,0.0,2.0,0.0,,,Brentford
Kevin Schade,de GER,"FW,MF",22,5,3,257.0,1.0,0.0,0.0,0.0,0.0,0.7,0.4,Brentford
Mikkel Damsgaard,dk DEN,MF,23,13,2,361.0,0.0,1.0,0.0,0.0,0.0,0.6,0.8,Brentford
Shandon Baptiste,gd GRN,MF,25,9,2,218.0,1.0,0.0,0.0,0.0,0.0,0.9,0.1,Brentford
Thomas Strakosha,al ALB,GK,28,2,1,135.0,0.0,0.0,0.0,0.0,0.0,0.0,0.0,Brentford
Michael Olakigbe,eng ENG,"DF,FW",19,8,0,59.0,0.0,0.0,0.0,0.0,0.0,0.1,0.0,Brentford
Josh Dasilva,eng ENG,"DF,FW",25,3,0,24.0,0.0,0.0,0.0,0.0,0.0,0.0,0.2,Brentford
Myles Peart-Harris,eng ENG,"DF,MF",21,3,0,13.0,0.0,0.0,0.0,0.0,0.0,0.0,0.0,Brentford
Val Adedokun,ie IRL,FW,21,0,0,,,,,,,,,Brentford
Vincent Angelini,sct SCO,GK,20,0,0,,,,,,,,,Brentford
Ellery Balcombe,eng ENG,GK,24,0,0,,,,,,,,,Brentford
Ethan Brierley,eng ENG,MF,20,0,0,,,,,,,,,Brentford
Benjamin Fredrick,ng NGA,DF,18,0,0,,,,,,,,,Brentford
Charlie Goode,eng ENG,DF,28,0,0,,,,,,,,,Brentford
Kim Jisoo,kr KOR,DF,19,0,0,,,,,,,,,Brentford
Jordan Pickford,eng ENG,GK,29,27,27,2430.0,0.0,0.0,0.0,4.0,0.0,0.0,0.1,Everton
James Tarkowski,eng ENG,DF,31,27,27,2429.0,1.0,1.0,0.0,5.0,0.0,1.9,1.8,Everton
James Garner,eng ENG,MF,22,26,25,2237.0,1.0,2.0,0.0,5.0,0.0,2.2,3.8,Everton
Jarrad Branthwaite,eng ENG,DF,21,24,24,2160.0,2.0,0.0,0.0,7.0,0.0,1.4,0.9,Everton
Vitaliy Mykolenko,ua UKR,DF,24,22,22,1977.0,2.0,0.0,0.0,1.0,0.0,1.4,0.7,Everton
Dwight McNeil,eng ENG,"MF,FW",24,24,22,1924.0,2.0,5.0,0.0,1.0,0.0,2.6,6.8,Everton
Abdoulaye Doucoure,ml MLI,"FW,MF",31,21,21,1778.0,6.0,0.0,0.0,4.0,0.0,6.1,2.5,Everton
Jack Harrison,eng ENG,"MF,FW",27,21,19,1670.0,3.0,3.0,0.0,0.0,0.0,3.1,3.1,Everton
Dominic Calvert-Lewin,eng ENG,FW,26,23,19,1553.0,3.0,1.0,0.0,1.0,0.0,9.2,1.6,Everton
Ashley Young,eng ENG,"DF,MF",38,20,19,1512.0,0.0,0.0,0.0,6.0,1.0,0.4,1.2,Everton
Amadou Onana,be BEL,MF,22,21,17,1573.0,2.0,0.0,0.0,3.0,0.0,1.7,2.5,Everton
Idrissa Gana Gueye,sn SEN,MF,34,18,17,1303.0,1.0,0.0,0.0,7.0,0.0,1.1,0.7,Everton
Nathan Patterson,sct SCO,DF,22,19,9,961.0,0.0,2.0,0.0,4.0,0.0,0.3,1.7,Everton
Ben Godfrey,eng ENG,DF,26,8,7,580.0,0.0,0.0,0.0,2.0,0.0,1.0,0.2,Everton
Beto,gw GNB,FW,26,22,6,686.0,2.0,0.0,0.0,2.0,0.0,4.7,0.9,Everton
Arnaut Danjuma,nl NED,"MF,FW",27,14,5,595.0,1.0,0.0,0.0,0.0,0.0,2.6,1.1,Everton
Michael Keane,eng ENG,DF,31,7,4,404.0,1.0,0.0,0.0,1.0,0.0,0.7,0.0,Everton
Seamus Coleman,ie IRL,DF,35,5,2,235.0,0.0,0.0,0.0,0.0,0.0,0.0,0.0,Everton
Alex Iwobi,ng NGA,MF,27,2,2,140.0,0.0,0.0,0.0,0.0,0.0,0.3,0.2,Everton
Lewis Dobbin,eng ENG,MF,21,10,1,180.0,1.0,0.0,0.0,1.0,0.0,0.2,0.3,Everton
Andre Gomes,pt POR,MF,30,4,1,170.0,1.0,0.0,0.0,2.0,0.0,0.1,0.4,Everton
Neal Maupay,fr FRA,FW,27,2,1,111.0,0.0,0.0,0.0,0.0,0.0,1.4,0.1,Everton
Youssef Chermiti,pt POR,FW,19,10,0,66.0,0.0,0.0,0.0,1.0,0.0,0.5,0.4,Everton
Thomas Cannon,ie IRL,FW,21,1,0,1.0,0.0,0.0,0.0,0.0,0.0,0.0,0.0,Everton
Tyler Onyango,eng ENG,MF,21,1,0,1.0,0.0,0.0,0.0,0.0,0.0,0.0,0.0,Everton
Elijah Campbell,eng ENG,DF,19,0,0,,,,,,,,,Everton
Mackenzie Hunt,eng ENG,DF,22,0,0,,,,,,,,,Everton
Andy Lonergan,ie IRL,GK,40,0,0,,,,,,,,,Everton
Jenson Metcalfe,eng ENG,MF,19,0,0,,,,,,,,,Everton
Joao Virginia,pt POR,GK,24,0,0,,,,,,,,,Everton
Morgan Gibbs-White,eng ENG,"MF,FW",24,26,24,2216.0,3.0,4.0,1.0,7.0,0.0,4.6,4.6,Nottingham-Forest
Murillo,br BRA,DF,21,21,21,1816.0,0.0,1.0,0.0,3.0,0.0,1.0,1.2,Nottingham-Forest
Anthony Elanga,se SWE,FW,21,26,19,1813.0,5.0,7.0,0.0,1.0,0.0,5.9,5.6,Nottingham-Forest
Orel Mangala,be BEL,MF,25,20,19,1563.0,1.0,0.0,0.0,6.0,0.0,0.8,0.2,Nottingham-Forest
Matt Turner,us USA,GK,29,17,17,1530.0,0.0,0.0,0.0,1.0,0.0,0.0,0.0,Nottingham-Forest
Nicolas Dominguez,ar ARG,"MF,FW",25,18,17,1274.0,2.0,2.0,0.0,2.0,0.0,1.2,1.0,Nottingham-Forest
Willy Boly,ci CIV,DF,33,15,13,995.0,1.0,0.0,0.0,3.0,1.0,1.3,1.0,Nottingham-Forest
Ryan Yates,eng ENG,MF,26,24,12,1260.0,0.0,0.0,0.0,4.0,0.0,1.7,0.2,Nottingham-Forest
Moussa Niakhate,sn SEN,DF,27,16,12,1160.0,1.0,0.0,0.0,4.0,1.0,1.1,0.1,Nottingham-Forest
Harry Toffolo,eng ENG,DF,28,16,12,1147.0,1.0,3.0,0.0,2.0,0.0,1.6,1.5,Nottingham-Forest
Taiwo Awoniyi,ng NGA,FW,26,16,12,1005.0,6.0,3.0,0.0,2.0,0.0,4.7,1.7,Nottingham-Forest
Ola Aina,ng NGA,DF,27,14,12,989.0,1.0,1.0,0.0,3.0,0.0,0.2,0.5,Nottingham-Forest
Danilo,br BRA,"MF,FW",22,20,11,1063.0,1.0,0.0,0.0,3.0,0.0,0.6,0.4,Nottingham-Forest
Callum Hudson-Odoi,eng ENG,FW,23,18,11,1050.0,4.0,1.0,0.0,0.0,0.0,1.2,1.8,Nottingham-Forest
Ibrahim Sangare,ci CIV,MF,26,11,11,820.0,0.0,0.0,0.0,5.0,0.0,0.6,0.3,Nottingham-Forest
Neco Williams,wls WAL,"DF,FW",22,18,10,977.0,0.0,1.0,0.0,2.0,0.0,0.3,1.5,Nottingham-Forest
Serge Aurier,ci CIV,"DF,MF",31,12,10,833.0,0.0,2.0,0.0,2.0,0.0,0.2,0.5,Nottingham-Forest
Chris Wood,nz NZL,FW,32,20,9,874.0,8.0,1.0,0.0,0.0,0.0,5.4,1.4,Nottingham-Forest
Gonzalo Montiel,ar ARG,DF,27,9,5,498.0,0.0,2.0,0.0,4.0,0.0,0.1,0.6,Nottingham-Forest
Nuno Tavares,pt POR,DF,24,7,5,455.0,0.0,0.0,0.0,2.0,0.0,0.2,0.5,Nottingham-Forest
Matz Sels,be BEL,GK,32,5,5,450.0,0.0,0.0,0.0,0.0,0.0,0.0,0.0,Nottingham-Forest
Odisseas Vlachodimos,gr GRE,GK,29,5,5,450.0,0.0,0.0,0.0,0.0,0.0,0.0,0.0,Nottingham-Forest
Joe Worrall,eng ENG,DF,27,7,5,439.0,0.0,0.0,0.0,0.0,1.0,0.1,0.2,Nottingham-Forest
Scott McKenna,sct SCO,DF,27,5,5,416.0,0.0,0.0,0.0,0.0,0.0,0.2,0.2,Nottingham-Forest
Andrew Omobamidele,ie IRL,DF,21,6,4,406.0,0.0,0.0,0.0,1.0,0.0,0.0,0.0,Nottingham-Forest
Divock Origi,be BEL,"FW,MF",28,13,3,338.0,0.0,1.0,0.0,1.0,0.0,0.3,1.8,Nottingham-Forest
Felipe,br BRA,DF,34,5,3,269.0,0.0,0.0,0.0,3.0,0.0,0.1,0.1,Nottingham-Forest
Brennan Johnson,wls WAL,"FW,MF",22,3,3,237.0,0.0,0.0,0.0,0.0,0.0,0.3,0.2,Nottingham-Forest
Cheikhou Kouyate,sn SEN,MF,34,10,2,205.0,0.0,0.0,0.0,2.0,0.0,0.3,0.0,Nottingham-Forest
Gio Reyna,us USA,"MF,FW",21,3,0,41.0,0.0,0.0,0.0,0.0,0.0,0.1,0.1,Nottingham-Forest
Andrey Santos,br BRA,MF,19,1,0,8.0,0.0,0.0,0.0,0.0,0.0,0.1,0.0,Nottingham-Forest
Brandon Aguilera,cr CRC,FW,20,1,0,5.0,0.0,0.0,0.0,0.0,0.0,0.0,0.0,Nottingham-Forest
Rodrigo Ribeiro,pt POR,FW,18,1,0,1.0,0.0,0.0,0.0,0.0,0.0,0.0,0.0,Nottingham-Forest
Remo Freuler,ch SUI,MF,31,0,0,,,,,,,,,Nottingham-Forest
Joe Gardner,eng ENG,DF,18,0,0,,,,,,,,,Nottingham-Forest
Wayne Hennessey,wls WAL,GK,37,0,0,,,,,,,,,Nottingham-Forest
Ethan Horvath,us USA,GK,28,0,0,,,,,,,,,Nottingham-Forest
Jamie McDonnell,nir NIR,MF,20,0,0,,,,,,,,,Nottingham-Forest
Lewis O'Brien,eng ENG,MF,25,0,0,,,,,,,,,Nottingham-Forest
Detlef Osong,eng ENG,FW,19,0,0,,,,,,,,,Nottingham-Forest
Hwang Ui-jo,kr KOR,"FW,MF",31,0,0,,,,,,,,,Nottingham-Forest
Thomas Kaminski,be BEL,GK,31,26,26,2340.0,0.0,0.0,0.0,3.0,0.0,0.0,0.0,Luton-Town
Alfie Doughty,eng ENG,DF,24,25,22,1905.0,1.0,6.0,0.0,3.0,0.0,0.9,4.3,Luton-Town
Amari'i Bell,jm JAM,DF,29,21,21,1720.0,0.0,0.0,0.0,0.0,0.0,0.3,0.5,Luton-Town
Carlton Morris,eng ENG,"FW,MF",28,26,20,1782.0,8.0,4.0,4.0,2.0,0.0,7.7,2.4,Luton-Town
Ross Barkley,eng ENG,MF,30,21,19,1696.0,3.0,3.0,0.0,4.0,0.0,2.9,3.4,Luton-Town
Teden Mengi,eng ENG,DF,21,19,17,1582.0,1.0,0.0,0.0,2.0,0.0,0.4,0.2,Luton-Town
Chiedozie Ogbene,ie IRL,"MF,DF",26,25,16,1639.0,3.0,1.0,0.0,0.0,0.0,3.2,3.0,Luton-Town
Gabriel Osho,eng ENG,DF,25,15,15,1316.0,2.0,0.0,0.0,3.0,0.0,1.0,0.1,Luton-Town
Tom Lockyer,wls WAL,DF,29,14,14,1169.0,1.0,1.0,0.0,4.0,0.0,1.1,0.6,Luton-Town
Issa Kabore,bf BFA,DF,22,17,14,1155.0,0.0,1.0,0.0,5.0,0.0,0.2,1.6,Luton-Town
Elijah Adebayo,eng ENG,FW,26,23,13,1162.0,9.0,0.0,0.0,1.0,0.0,5.6,0.7,Luton-Town
Marvelous Nakamba,zw ZIM,MF,30,13,13,1130.0,0.0,0.0,0.0,5.0,0.0,0.2,0.4,Luton-Town
Jacob Brown,sct SCO,"MF,FW",25,19,12,1019.0,2.0,0.0,0.0,4.0,0.0,2.8,0.7,Luton-Town
Albert Sambi Lokonga,be BEL,MF,24,12,11,873.0,0.0,2.0,0.0,2.0,0.0,0.4,1.3,Luton-Town
Reece Burke,eng ENG,DF,27,12,10,854.0,0.0,2.0,0.0,2.0,0.0,1.3,0.7,Luton-Town
Andros Townsend,eng ENG,"MF,FW",32,17,10,837.0,1.0,2.0,0.0,1.0,0.0,1.1,1.0,Luton-Town
Tahith Chong,nl NED,MF,24,21,9,1028.0,2.0,0.0,0.0,3.0,0.0,1.6,0.4,Luton-Town
Pelly Ruddock Mpanzu,cd COD,MF,30,20,8,832.0,0.0,0.0,0.0,0.0,0.0,0.6,0.4,Luton-Town
Ryan John Giles,eng ENG,"DF,MF",24,11,5,503.0,0.0,0.0,0.0,0.0,0.0,0.1,0.2,Luton-Town
Jordan Clark,eng ENG,MF,30,12,5,483.0,0.0,0.0,0.0,2.0,0.0,0.2,0.3,Luton-Town
Mads Juel Andersen,dk DEN,DF,26,8,4,400.0,1.0,0.0,0.0,1.0,0.0,0.3,0.0,Luton-Town
Cauley Woodrow,eng ENG,"FW,MF",29,13,2,222.0,0.0,0.0,0.0,2.0,0.0,1.0,0.4,Luton-Town
Luke Berry,eng ENG,"MF,DF",31,6,0,55.0,0.0,0.0,0.0,0.0,0.0,0.2,0.1,Luton-Town
Daiki Hashioka,jp JPN,DF,24,1,0,38.0,0.0,0.0,0.0,0.0,0.0,0.0,0.0,Luton-Town
Allan Campbell,sct SCO,MF,25,0,0,,,,,,,,,Luton-Town
Aidan Francis,eng ENG,MF,21,0,0,,,,,,,,,Luton-Town
Joseph Johnson,eng ENG,DF,18,0,0,,,,,,,,,Luton-Town
Tim Krul,nl NED,GK,35,0,0,,,,,,,,,Luton-Town
Jayden Luker,eng ENG,MF,18,0,0,,,,,,,,,Luton-Town
John Mcatee,eng ENG,"FW,MF",24,0,0,,,,,,,,,Luton-Town
Zack Nelson,eng ENG,MF,19,0,0,,,,,,,,,Luton-Town
Axel Piesold,eng ENG,MF,18,0,0,,,,,,,,,Luton-Town
Dan Potts,eng ENG,DF,29,0,0,,,,,,,,,Luton-Town
James Shea,eng ENG,GK,32,0,0,,,,,,,,,Luton-Town
James Trafford,eng ENG,GK,21,27,27,2430.0,0.0,0.0,0.0,2.0,0.0,0.0,0.0,Burnley
Zeki Amdouni,ch SUI,FW,23,26,25,1758.0,4.0,1.0,0.0,1.0,0.0,4.2,1.4,Burnley
Sander Berge,no NOR,MF,26,26,23,2015.0,1.0,1.0,0.0,7.0,1.0,1.6,0.9,Burnley
Dara O'Shea,ie IRL,DF,25,23,22,2016.0,1.0,3.0,0.0,5.0,0.0,0.5,1.5,Burnley
Josh Brownhill,eng ENG,MF,28,25,22,1983.0,3.0,1.0,0.0,3.0,1.0,1.3,1.6,Burnley
Charlie Taylor,eng ENG,DF,30,19,18,1633.0,1.0,1.0,0.0,6.0,0.0,0.1,0.9,Burnley
Vitinho,br BRA,DF,24,21,17,1515.0,0.0,0.0,0.0,1.0,0.0,1.0,0.2,Burnley
Jordan Beyer,de GER,DF,23,15,15,1234.0,0.0,1.0,0.0,6.0,0.0,0.5,0.3,Burnley
Wilson Odobert,fr FRA,"MF,FW",19,18,14,1165.0,3.0,1.0,0.0,2.0,0.0,1.4,1.2,Burnley
Lyle Foster,za RSA,FW,23,14,13,1128.0,4.0,3.0,0.0,0.0,1.0,2.0,1.3,Burnley
Luca Koleosho,it ITA,"MF,FW",19,15,13,974.0,1.0,1.0,0.0,0.0,0.0,2.0,1.3,Burnley
Josh Cullen,ie IRL,MF,27,14,12,1078.0,0.0,1.0,0.0,5.0,0.0,0.2,0.7,Burnley
Ameen Al-Dakhil,be BEL,DF,21,13,12,1056.0,1.0,0.0,0.0,1.0,0.0,1.3,0.1,Burnley
Johann Berg Gudmundsson,is ISL,MF,33,19,12,1049.0,0.0,2.0,0.0,2.0,0.0,0.9,2.3,Burnley
Connor Roberts,wls WAL,DF,28,14,8,823.0,0.0,1.0,0.0,5.0,1.0,0.0,0.2,Burnley
Jay Rodriguez,eng ENG,FW,34,16,7,731.0,2.0,1.0,1.0,0.0,0.0,3.0,0.2,Burnley
Hannes Delcroix,be BEL,DF,25,11,5,566.0,0.0,0.0,0.0,1.0,0.0,0.4,0.2,Burnley
Jacob Bruun Larsen,dk DEN,"MF,FW",25,21,5,551.0,2.0,0.0,0.0,0.0,0.0,1.4,0.6,Burnley
Aaron Ramsey,eng ENG,"MF,FW",21,14,5,527.0,0.0,0.0,0.0,1.0,0.0,0.3,0.4,Burnley
Lorenz Assignon,tg TOG,DF,23,5,5,437.0,0.0,1.0,0.0,1.0,0.0,0.0,1.2,Burnley
David Datro Fofana,ci CIV,FW,21,6,4,419.0,2.0,1.0,0.0,1.0,0.0,2.1,1.4,Burnley
Maxime Esteve,fr FRA,DF,21,5,4,365.0,0.0,0.0,0.0,1.0,0.0,0.1,0.0,Burnley
Hjalmar Ekdal,se SWE,DF,25,6,4,325.0,0.0,0.0,0.0,2.0,0.0,0.1,0.1,Burnley
Mike Tresor,be BEL,"FW,MF",24,14,3,405.0,0.0,0.0,0.0,0.0,0.0,0.5,0.4,Burnley
Anass Zaroury,ma MAR,"FW,MF",23,6,1,152.0,0.0,0.0,0.0,0.0,1.0,0.2,0.0,Burnley
Benson Manuel,be BEL,"MF,FW",26,6,1,92.0,0.0,0.0,0.0,0.0,0.0,0.0,0.0,Burnley
Nathan Redmond,eng ENG,"FW,MF",29,12,0,142.0,0.0,0.0,0.0,1.0,0.0,0.0,0.3,Burnley
Michael Obafemi,ie IRL,"FW,MF",23,2,0,20.0,0.0,0.0,0.0,0.0,0.0,0.1,0.0,Burnley
Jack Cork,eng ENG,MF,34,3,0,19.0,0.0,0.0,0.0,0.0,0.0,0.0,0.0,Burnley
Han-Noah Massengo,fr FRA,"MF,DF",22,3,0,16.0,0.0,0.0,0.0,0.0,0.0,0.0,0.0,Burnley
CJ Egan-Riley,eng ENG,DF,21,0,0,,,,,,,,,Burnley
Arijanet Muric,xk KVX,GK,25,0,0,,,,,,,,,Burnley
Lawrence Vigouroux,cl CHI,GK,30,0,0,,,,,,,,,Burnley
Vinicius Souza,br BRA,MF,24,26,25,2122.0,1.0,0.0,0.0,2.0,0.0,0.4,0.2,Sheffield-United
Jack Robinson,eng ENG,DF,30,26,24,2232.0,0.0,1.0,0.0,7.0,0.0,0.8,0.8,Sheffield-United
Wes Foderingham,eng ENG,GK,33,25,24,2199.0,0.0,0.0,0.0,2.0,0.0,0.0,0.0,Sheffield-United
Gustavo Hamer,nl NED,MF,26,25,23,1973.0,2.0,3.0,0.0,7.0,0.0,1.9,2.7,Sheffield-United
Jayden Bogle,eng ENG,DF,23,23,21,1848.0,1.0,0.0,0.0,8.0,0.0,1.4,0.8,Sheffield-United
Anel Ahmedhodzic,ba BIH,DF,24,21,20,1818.0,1.0,0.0,0.0,8.0,0.0,2.5,0.0,Sheffield-United
Auston Trusty,us USA,DF,25,21,18,1683.0,0.0,0.0,0.0,4.0,0.0,0.3,0.5,Sheffield-United
James Mcatee,eng ENG,"MF,FW",21,22,18,1548.0,3.0,2.0,1.0,2.0,0.0,2.4,1.9,Sheffield-United
Cameron Archer,eng ENG,"FW,MF",22,21,16,1449.0,4.0,0.0,0.0,1.0,0.0,3.9,1.7,Sheffield-United
Oliver Norwood,nir NIR,MF,32,23,16,1397.0,1.0,0.0,1.0,6.0,0.0,1.1,0.6,Sheffield-United
Luke Thomas,eng ENG,DF,22,12,11,917.0,0.0,0.0,0.0,3.0,0.0,0.5,0.1,Sheffield-United
George Baldock,gr GRE,DF,30,12,10,879.0,0.0,1.0,0.0,4.0,0.0,0.0,0.8,Sheffield-United
Oliver McBurnie,sct SCO,FW,27,15,10,838.0,4.0,2.0,2.0,5.0,2.0,3.9,1.1,Sheffield-United
William Osula,dk DEN,FW,20,17,9,719.0,0.0,0.0,0.0,4.0,0.0,1.6,0.1,Sheffield-United
Andre Brooks,eng ENG,"MF,DF",20,13,8,650.0,0.0,0.0,0.0,1.0,0.0,0.2,0.1,Sheffield-United
John Egan,ie IRL,DF,31,6,6,482.0,0.0,0.0,0.0,2.0,0.0,0.2,0.0,Sheffield-United
Ben Osborn,eng ENG,"MF,DF",29,14,5,615.0,0.0,1.0,0.0,2.0,0.0,0.2,0.3,Sheffield-United
Yasser Larouci,dz ALG,DF,23,9,4,421.0,0.0,0.0,0.0,1.0,0.0,0.2,0.3,Sheffield-United
Anis Ben Slimane,tn TUN,MF,22,11,4,366.0,0.0,0.0,0.0,2.0,0.0,0.7,0.3,Sheffield-United
Max Lowe,eng ENG,"DF,MF",26,8,3,399.0,0.0,0.0,0.0,1.0,0.0,0.6,0.7,Sheffield-United
Benie Adama Traore,ci CIV,"FW,MF",21,8,3,387.0,0.0,0.0,0.0,0.0,0.0,0.3,0.5,Sheffield-United
Chris Basham,eng ENG,"DF,MF",35,8,3,321.0,0.0,0.0,0.0,1.0,0.0,0.1,0.3,Sheffield-United
Rhian Brewster,eng ENG,"FW,MF",23,11,3,307.0,0.0,0.0,0.0,0.0,1.0,0.3,0.1,Sheffield-United
Ivo Grbic,hr CRO,GK,28,3,3,231.0,0.0,0.0,0.0,0.0,0.0,0.0,0.0,Sheffield-United
Mason Holgate,eng ENG,DF,27,3,3,192.0,0.0,0.0,0.0,1.0,1.0,0.4,0.0,Sheffield-United
Ben Brereton,cl CHI,MF,24,3,3,175.0,2.0,0.0,0.0,0.0,0.0,1.1,0.0,Sheffield-United
Rhys Norrington-Davies,wls WAL,DF,24,5,2,110.0,0.0,0.0,0.0,1.0,0.0,0.0,0.0,Sheffield-United
Tom Davies,eng ENG,"MF,FW",25,8,1,176.0,0.0,0.0,0.0,2.0,0.0,0.1,0.1,Sheffield-United
John Fleck,sct SCO,"MF,DF",32,4,1,92.0,0.0,0.0,0.0,1.0,0.0,0.0,0.4,Sheffield-United
Oliver Arblaster,eng ENG,MF,19,1,0,27.0,0.0,0.0,0.0,0.0,0.0,0.0,0.1,Sheffield-United
Antwoine Hackford,eng ENG,FW,19,2,0,13.0,0.0,0.0,0.0,0.0,0.0,0.0,0.0,Sheffield-United
Sydie Peck,eng ENG,MF,19,1,0,10.0,0.0,0.0,0.0,0.0,0.0,0.0,0.0,Sheffield-United
Ryan One,sct SCO,FW,17,1,0,8.0,0.0,0.0,0.0,0.0,0.0,0.0,0.0,Sheffield-United
Jordan Amissah,gh GHA,GK,22,0,0,,,,,,,,,Sheffield-United
Billy Blacker,eng ENG,FW,17,0,0,,,,,,,,,Sheffield-United
Jili Buyabu,eng ENG,MF,22,0,0,,,,,,,,,Sheffield-United
Ismaila Cheick Coulibaly,ml MLI,MF,23,0,0,,,,,,,,,Sheffield-United
Sam Curtis,ie IRL,DF,18,0,0,,,,,,,,,Sheffield-United
Adam Davies,wls WAL,GK,31,0,0,,,,,,,,,Sheffield-United
Louie Marsh,eng ENG,FW,20,0,0,,,,,,,,,Sheffield-United
Dovydas Sasnauskas,,DF,,0,0,,,,,,,,,Sheffield-United
Femi Seriki,eng ENG,DF,21,0,0,,,,,,,,,Sheffield-United
